[
 {
  "hid":1,
  "sid":"Mahalanobis",
  "esid":"",
  "parent":0,
  "children":[
   2
  ],
  "name":"Mahalanobis",
  "fullname":"Mahalanobis",
  "label":"Mahalanobis",
  "icon":"WebViewIcon0",
  "sameAsElement":false
 },
 {
  "hid":2,
  "sid":"Mahalanobis:18",
  "esid":"Mahalanobis:18",
  "parent":1,
  "children":[
  ],
  "name":"Subsystem",
  "fullname":"Mahalanobis/Subsystem",
  "label":"Subsystem",
  "icon":"WebViewIcon1",
  "svg":"support/slwebview_files/Mahalanobis_18_d.svg",
  "thumbnail":"support/slwebview_files/Mahalanobis_18_d.png",
  "backingUrl":"support/slwebview_files/Mahalanobis_18_d.json",
  "elements":[
   ":1",
   ":2",
   ":3",
   ":4",
   ":5",
   ":6",
   ":9",
   ":10",
   ":11",
   ":13",
   ":14",
   ":16",
   ":19",
   ":20",
   ":21",
   ":13#out:1",
   ":14#out:1",
   ":19#out:1",
   ":9#out:1",
   ":16#out:1"
  ],
  "sameAsElement":true
 }
]