[
 {
  "sid":"Mahalanobis:1",
  "className":"Simulink.SubSystem",
  "icon":"WebViewIcon2",
  "name":"(X-mu)^T",
  "label":"(X-mu)^T",
  "parent":"Mahalanobis:18",
  "inspector":{
   "params":[
    "ShowPortLabels",
    "BlockChoice",
    "TemplateBlock",
    "MemberBlocks",
    "Permissions",
    "ErrorFcn",
    "PermitHierarchicalResolution",
    "TreatAsAtomicUnit",
    "MinAlgLoopOccurrences",
    "PropExecContextOutsideSubsystem",
    "SystemSampleTime",
    "RTWSystemCode",
    "RTWFcnNameOpts",
    "RTWFcnName",
    "RTWFileNameOpts",
    "RTWFileName",
    "FunctionInterfaceSpec",
    "FunctionWithSeparateData",
    "RTWMemSecFuncInitTerm",
    "RTWMemSecFuncExecute",
    "RTWMemSecDataConstants",
    "RTWMemSecDataInternal",
    "RTWMemSecDataParameters",
    "IsSubsystemVirtual",
    "Variant",
    "VariantControl",
    "OverrideUsingVariant",
    "GeneratePreprocessorConditionals",
    "PropagateVariantConditions",
    "ActiveVariant",
    "ActiveVariantBlock",
    "TreatAsGroupedWhenPropagatingVariantConditions"
   ],
   "values":[
    "FromPortIcon",
    "",
    "",
    "",
    "ReadWrite",
    "",
    "All",
    "off",
    "off",
    "off",
    "-1",
    "Auto",
    "Auto",
    "",
    "Auto",
    "",
    "void_void",
    "off",
    "Inherit from model",
    "Inherit from model",
    "Inherit from model",
    "Inherit from model",
    "Inherit from model",
    "on",
    "off",
    "",
    "",
    "off",
    "off",
    "",
    "",
    "on"
   ],
   "tabs":[
   ],
   "tabs_idx":[
   ]
  },
  "viewer":{
   "jshandler":"webview/handlers/ElementHandler"
  },
  "obj_viewer":[
  ],
  "finder":{
   "blocktype":"SubSystem",
   "masktype":""
  }
 },
 {
  "sid":"Mahalanobis:2",
  "className":"Simulink.SubSystem",
  "icon":"WebViewIcon2",
  "name":"(X-mu) ",
  "label":"(X-mu) ",
  "parent":"Mahalanobis:18",
  "inspector":{
   "params":[
    "ShowPortLabels",
    "Permissions",
    "ErrorFcn",
    "PermitHierarchicalResolution",
    "TreatAsAtomicUnit",
    "RTWSystemCode",
    "TreatAsGroupedWhenPropagatingVariantConditions",
    "ActiveVariant",
    "ActiveVariantBlock",
    "BlockChoice",
    "FunctionInterfaceSpec",
    "FunctionWithSeparateData",
    "GeneratePreprocessorConditionals",
    "IsSubsystemVirtual",
    "MemberBlocks",
    "MinAlgLoopOccurrences",
    "OverrideUsingVariant",
    "PropExecContextOutsideSubsystem",
    "PropagateVariantConditions",
    "RTWFcnName",
    "RTWFcnNameOpts",
    "RTWFileName",
    "RTWFileNameOpts",
    "RTWMemSecDataConstants",
    "RTWMemSecDataInternal",
    "RTWMemSecDataParameters",
    "RTWMemSecFuncExecute",
    "RTWMemSecFuncInitTerm",
    "SystemSampleTime",
    "TemplateBlock",
    "Variant",
    "VariantControl"
   ],
   "values":[
    "FromPortIcon",
    "ReadWrite",
    "",
    "All",
    "off",
    "Auto",
    "on",
    "",
    "",
    "",
    "void_void",
    "off",
    "off",
    "on",
    "",
    "off",
    "",
    "off",
    "off",
    "",
    "Auto",
    "",
    "Auto",
    "Inherit from model",
    "Inherit from model",
    "Inherit from model",
    "Inherit from model",
    "Inherit from model",
    "-1",
    "",
    "off",
    ""
   ],
   "tabs":[
    "Parameter Attributes",
    "-Other"
   ],
   "tabs_idx":[
    0,
    7
   ]
  },
  "viewer":{
   "jshandler":"webview/handlers/ElementHandler"
  },
  "obj_viewer":[
  ],
  "finder":{
   "blocktype":"SubSystem",
   "masktype":""
  }
 },
 {
  "sid":"Mahalanobis:3",
  "className":"Simulink.SubSystem",
  "icon":"WebViewIcon2",
  "name":"SplitMerge",
  "label":"SplitMerge",
  "parent":"Mahalanobis:18",
  "inspector":{
   "params":[
    "ShowPortLabels",
    "BlockChoice",
    "TemplateBlock",
    "MemberBlocks",
    "Permissions",
    "ErrorFcn",
    "PermitHierarchicalResolution",
    "TreatAsAtomicUnit",
    "MinAlgLoopOccurrences",
    "PropExecContextOutsideSubsystem",
    "SystemSampleTime",
    "RTWSystemCode",
    "RTWFcnNameOpts",
    "RTWFcnName",
    "RTWFileNameOpts",
    "RTWFileName",
    "FunctionInterfaceSpec",
    "FunctionWithSeparateData",
    "RTWMemSecFuncInitTerm",
    "RTWMemSecFuncExecute",
    "RTWMemSecDataConstants",
    "RTWMemSecDataInternal",
    "RTWMemSecDataParameters",
    "IsSubsystemVirtual",
    "Variant",
    "VariantControl",
    "OverrideUsingVariant",
    "GeneratePreprocessorConditionals",
    "PropagateVariantConditions",
    "ActiveVariant",
    "ActiveVariantBlock",
    "TreatAsGroupedWhenPropagatingVariantConditions"
   ],
   "values":[
    "FromPortIcon",
    "",
    "",
    "",
    "ReadWrite",
    "",
    "All",
    "off",
    "off",
    "off",
    "-1",
    "Auto",
    "Auto",
    "",
    "Auto",
    "",
    "void_void",
    "off",
    "Inherit from model",
    "Inherit from model",
    "Inherit from model",
    "Inherit from model",
    "Inherit from model",
    "on",
    "off",
    "",
    "",
    "off",
    "off",
    "",
    "",
    "on"
   ],
   "tabs":[
   ],
   "tabs_idx":[
   ]
  },
  "viewer":{
   "jshandler":"webview/handlers/ElementHandler"
  },
  "obj_viewer":[
  ],
  "finder":{
   "blocktype":"SubSystem",
   "masktype":""
  }
 },
 {
  "sid":"Mahalanobis:4",
  "className":"Simulink.SubSystem",
  "icon":"WebViewIcon2",
  "name":"Sigma^-1",
  "label":"Sigma^-1",
  "parent":"Mahalanobis:18",
  "inspector":{
   "params":[
    "ShowPortLabels",
    "BlockChoice",
    "TemplateBlock",
    "MemberBlocks",
    "Permissions",
    "ErrorFcn",
    "PermitHierarchicalResolution",
    "TreatAsAtomicUnit",
    "MinAlgLoopOccurrences",
    "PropExecContextOutsideSubsystem",
    "SystemSampleTime",
    "RTWSystemCode",
    "RTWFcnNameOpts",
    "RTWFcnName",
    "RTWFileNameOpts",
    "RTWFileName",
    "FunctionInterfaceSpec",
    "FunctionWithSeparateData",
    "RTWMemSecFuncInitTerm",
    "RTWMemSecFuncExecute",
    "RTWMemSecDataConstants",
    "RTWMemSecDataInternal",
    "RTWMemSecDataParameters",
    "IsSubsystemVirtual",
    "Variant",
    "VariantControl",
    "OverrideUsingVariant",
    "GeneratePreprocessorConditionals",
    "PropagateVariantConditions",
    "ActiveVariant",
    "ActiveVariantBlock",
    "TreatAsGroupedWhenPropagatingVariantConditions"
   ],
   "values":[
    "FromPortIcon",
    "",
    "",
    "",
    "ReadWrite",
    "",
    "All",
    "off",
    "off",
    "off",
    "-1",
    "Auto",
    "Auto",
    "",
    "Auto",
    "",
    "void_void",
    "off",
    "Inherit from model",
    "Inherit from model",
    "Inherit from model",
    "Inherit from model",
    "Inherit from model",
    "on",
    "off",
    "",
    "",
    "off",
    "off",
    "",
    "",
    "on"
   ],
   "tabs":[
   ],
   "tabs_idx":[
   ]
  },
  "viewer":{
   "jshandler":"webview/handlers/ElementHandler"
  },
  "obj_viewer":[
  ],
  "finder":{
   "blocktype":"SubSystem",
   "masktype":""
  }
 },
 {
  "sid":"Mahalanobis:5",
  "className":"Simulink.SubSystem",
  "icon":"WebViewIcon2",
  "name":"Sigma^-1*(X-mu)",
  "label":"Sigma^-1*(X-mu)",
  "parent":"Mahalanobis:18",
  "inspector":{
   "params":[
    "ShowPortLabels",
    "Permissions",
    "ErrorFcn",
    "PermitHierarchicalResolution",
    "TreatAsAtomicUnit",
    "RTWSystemCode",
    "TreatAsGroupedWhenPropagatingVariantConditions",
    "ActiveVariant",
    "ActiveVariantBlock",
    "BlockChoice",
    "FunctionInterfaceSpec",
    "FunctionWithSeparateData",
    "GeneratePreprocessorConditionals",
    "IsSubsystemVirtual",
    "MemberBlocks",
    "MinAlgLoopOccurrences",
    "OverrideUsingVariant",
    "PropExecContextOutsideSubsystem",
    "PropagateVariantConditions",
    "RTWFcnName",
    "RTWFcnNameOpts",
    "RTWFileName",
    "RTWFileNameOpts",
    "RTWMemSecDataConstants",
    "RTWMemSecDataInternal",
    "RTWMemSecDataParameters",
    "RTWMemSecFuncExecute",
    "RTWMemSecFuncInitTerm",
    "SystemSampleTime",
    "TemplateBlock",
    "Variant",
    "VariantControl"
   ],
   "values":[
    "FromPortIcon",
    "ReadWrite",
    "",
    "All",
    "off",
    "Auto",
    "on",
    "",
    "",
    "",
    "void_void",
    "off",
    "off",
    "on",
    "",
    "off",
    "",
    "off",
    "off",
    "",
    "Auto",
    "",
    "Auto",
    "Inherit from model",
    "Inherit from model",
    "Inherit from model",
    "Inherit from model",
    "Inherit from model",
    "-1",
    "",
    "off",
    ""
   ],
   "tabs":[
    "Parameter Attributes",
    "-Other"
   ],
   "tabs_idx":[
    0,
    7
   ]
  },
  "viewer":{
   "jshandler":"webview/handlers/ElementHandler"
  },
  "obj_viewer":[
  ],
  "finder":{
   "blocktype":"SubSystem",
   "masktype":""
  }
 },
 {
  "sid":"Mahalanobis:6",
  "className":"Simulink.SubSystem",
  "icon":"WebViewIcon2",
  "name":"(X-mu)^T*Sigma^-1*(X-mu)",
  "label":"(X-mu)^T*Sigma^-1*(X-mu)",
  "parent":"Mahalanobis:18",
  "inspector":{
   "params":[
    "ShowPortLabels",
    "Permissions",
    "ErrorFcn",
    "PermitHierarchicalResolution",
    "TreatAsAtomicUnit",
    "RTWSystemCode",
    "TreatAsGroupedWhenPropagatingVariantConditions",
    "ActiveVariant",
    "ActiveVariantBlock",
    "BlockChoice",
    "FunctionInterfaceSpec",
    "FunctionWithSeparateData",
    "GeneratePreprocessorConditionals",
    "IsSubsystemVirtual",
    "MemberBlocks",
    "MinAlgLoopOccurrences",
    "OverrideUsingVariant",
    "PropExecContextOutsideSubsystem",
    "PropagateVariantConditions",
    "RTWFcnName",
    "RTWFcnNameOpts",
    "RTWFileName",
    "RTWFileNameOpts",
    "RTWMemSecDataConstants",
    "RTWMemSecDataInternal",
    "RTWMemSecDataParameters",
    "RTWMemSecFuncExecute",
    "RTWMemSecFuncInitTerm",
    "SystemSampleTime",
    "TemplateBlock",
    "Variant",
    "VariantControl"
   ],
   "values":[
    "FromPortIcon",
    "ReadWrite",
    "",
    "All",
    "off",
    "Auto",
    "on",
    "",
    "",
    "",
    "void_void",
    "off",
    "off",
    "on",
    "",
    "off",
    "",
    "off",
    "off",
    "",
    "Auto",
    "",
    "Auto",
    "Inherit from model",
    "Inherit from model",
    "Inherit from model",
    "Inherit from model",
    "Inherit from model",
    "-1",
    "",
    "off",
    ""
   ],
   "tabs":[
    "Parameter Attributes",
    "-Other"
   ],
   "tabs_idx":[
    0,
    7
   ]
  },
  "viewer":{
   "jshandler":"webview/handlers/ElementHandler"
  },
  "obj_viewer":[
  ],
  "finder":{
   "blocktype":"SubSystem",
   "masktype":""
  }
 },
 {
  "sid":"Mahalanobis:9",
  "className":"Simulink.SubSystem",
  "icon":"WebViewIcon2",
  "name":"Input no J1",
  "label":"Input no J1",
  "parent":"Mahalanobis:18",
  "inspector":{
   "params":[
    "ShowPortLabels",
    "BlockChoice",
    "TemplateBlock",
    "MemberBlocks",
    "Permissions",
    "ErrorFcn",
    "PermitHierarchicalResolution",
    "TreatAsAtomicUnit",
    "MinAlgLoopOccurrences",
    "PropExecContextOutsideSubsystem",
    "SystemSampleTime",
    "RTWSystemCode",
    "RTWFcnNameOpts",
    "RTWFcnName",
    "RTWFileNameOpts",
    "RTWFileName",
    "FunctionInterfaceSpec",
    "FunctionWithSeparateData",
    "RTWMemSecFuncInitTerm",
    "RTWMemSecFuncExecute",
    "RTWMemSecDataConstants",
    "RTWMemSecDataInternal",
    "RTWMemSecDataParameters",
    "IsSubsystemVirtual",
    "Variant",
    "VariantControl",
    "OverrideUsingVariant",
    "GeneratePreprocessorConditionals",
    "PropagateVariantConditions",
    "ActiveVariant",
    "ActiveVariantBlock",
    "TreatAsGroupedWhenPropagatingVariantConditions"
   ],
   "values":[
    "FromPortIcon",
    "",
    "",
    "",
    "ReadWrite",
    "",
    "All",
    "off",
    "off",
    "off",
    "-1",
    "Auto",
    "Auto",
    "",
    "Auto",
    "",
    "void_void",
    "off",
    "Inherit from model",
    "Inherit from model",
    "Inherit from model",
    "Inherit from model",
    "Inherit from model",
    "on",
    "off",
    "",
    "",
    "off",
    "off",
    "",
    "",
    "on"
   ],
   "tabs":[
   ],
   "tabs_idx":[
   ]
  },
  "viewer":{
   "jshandler":"webview/handlers/ElementHandler"
  },
  "obj_viewer":[
  ],
  "finder":{
   "blocktype":"SubSystem",
   "masktype":""
  }
 },
 {
  "sid":"Mahalanobis:10",
  "className":"Simulink.SubSystem",
  "icon":"WebViewIcon2",
  "name":"Input no J",
  "label":"Input no J",
  "parent":"Mahalanobis:18",
  "inspector":{
   "params":[
    "ShowPortLabels",
    "BlockChoice",
    "TemplateBlock",
    "MemberBlocks",
    "Permissions",
    "ErrorFcn",
    "PermitHierarchicalResolution",
    "TreatAsAtomicUnit",
    "MinAlgLoopOccurrences",
    "PropExecContextOutsideSubsystem",
    "SystemSampleTime",
    "RTWSystemCode",
    "RTWFcnNameOpts",
    "RTWFcnName",
    "RTWFileNameOpts",
    "RTWFileName",
    "FunctionInterfaceSpec",
    "FunctionWithSeparateData",
    "RTWMemSecFuncInitTerm",
    "RTWMemSecFuncExecute",
    "RTWMemSecDataConstants",
    "RTWMemSecDataInternal",
    "RTWMemSecDataParameters",
    "IsSubsystemVirtual",
    "Variant",
    "VariantControl",
    "OverrideUsingVariant",
    "GeneratePreprocessorConditionals",
    "PropagateVariantConditions",
    "ActiveVariant",
    "ActiveVariantBlock",
    "TreatAsGroupedWhenPropagatingVariantConditions"
   ],
   "values":[
    "FromPortIcon",
    "",
    "",
    "",
    "ReadWrite",
    "",
    "All",
    "off",
    "off",
    "off",
    "-1",
    "Auto",
    "Auto",
    "",
    "Auto",
    "",
    "void_void",
    "off",
    "Inherit from model",
    "Inherit from model",
    "Inherit from model",
    "Inherit from model",
    "Inherit from model",
    "on",
    "off",
    "",
    "",
    "off",
    "off",
    "",
    "",
    "on"
   ],
   "tabs":[
   ],
   "tabs_idx":[
   ]
  },
  "viewer":{
   "jshandler":"webview/handlers/ElementHandler"
  },
  "obj_viewer":[
  ],
  "finder":{
   "blocktype":"SubSystem",
   "masktype":""
  }
 },
 {
  "sid":"Mahalanobis:11",
  "className":"Simulink.SubSystem",
  "icon":"WebViewIcon2",
  "name":"Input no J2",
  "label":"Input no J2",
  "parent":"Mahalanobis:18",
  "inspector":{
   "params":[
    "ShowPortLabels",
    "BlockChoice",
    "TemplateBlock",
    "MemberBlocks",
    "Permissions",
    "ErrorFcn",
    "PermitHierarchicalResolution",
    "TreatAsAtomicUnit",
    "MinAlgLoopOccurrences",
    "PropExecContextOutsideSubsystem",
    "SystemSampleTime",
    "RTWSystemCode",
    "RTWFcnNameOpts",
    "RTWFcnName",
    "RTWFileNameOpts",
    "RTWFileName",
    "FunctionInterfaceSpec",
    "FunctionWithSeparateData",
    "RTWMemSecFuncInitTerm",
    "RTWMemSecFuncExecute",
    "RTWMemSecDataConstants",
    "RTWMemSecDataInternal",
    "RTWMemSecDataParameters",
    "IsSubsystemVirtual",
    "Variant",
    "VariantControl",
    "OverrideUsingVariant",
    "GeneratePreprocessorConditionals",
    "PropagateVariantConditions",
    "ActiveVariant",
    "ActiveVariantBlock",
    "TreatAsGroupedWhenPropagatingVariantConditions"
   ],
   "values":[
    "FromPortIcon",
    "",
    "",
    "",
    "ReadWrite",
    "",
    "All",
    "off",
    "off",
    "off",
    "-1",
    "Auto",
    "Auto",
    "",
    "Auto",
    "",
    "void_void",
    "off",
    "Inherit from model",
    "Inherit from model",
    "Inherit from model",
    "Inherit from model",
    "Inherit from model",
    "on",
    "off",
    "",
    "",
    "off",
    "off",
    "",
    "",
    "on"
   ],
   "tabs":[
   ],
   "tabs_idx":[
   ]
  },
  "viewer":{
   "jshandler":"webview/handlers/ElementHandler"
  },
  "obj_viewer":[
  ],
  "finder":{
   "blocktype":"SubSystem",
   "masktype":""
  }
 },
 {
  "sid":"Mahalanobis:13",
  "className":"Simulink.Constant",
  "icon":"WebViewIcon3",
  "name":"mu",
  "label":"mu",
  "parent":"Mahalanobis:18",
  "inspector":{
   "params":[
    "Value",
    "VectorParams1D",
    "SampleTime",
    "OutMin",
    "OutMax",
    "OutDataTypeStr",
    "LockScale",
    "FramePeriod"
   ],
   "values":[
    "mu",
    "on",
    "inf",
    "[]",
    "[]",
    "Inherit: Inherit from 'Constant value'",
    "off",
    "inf"
   ],
   "tabs":[
    "Main",
    "Signal Attributes",
    "-Other"
   ],
   "tabs_idx":[
    0,
    3,
    7
   ]
  },
  "viewer":{
   "jshandler":"webview/handlers/ElementHandler"
  },
  "obj_viewer":[
  ],
  "finder":{
   "blocktype":"Constant",
   "masktype":""
  }
 },
 {
  "sid":"Mahalanobis:14",
  "className":"Simulink.Constant",
  "icon":"WebViewIcon3",
  "name":"mu1",
  "label":"mu1",
  "parent":"Mahalanobis:18",
  "inspector":{
   "params":[
    "Value",
    "VectorParams1D",
    "SampleTime",
    "OutMin",
    "OutMax",
    "OutDataTypeStr",
    "LockScale",
    "FramePeriod"
   ],
   "values":[
    "Sigma",
    "on",
    "inf",
    "[]",
    "[]",
    "Inherit: Inherit from 'Constant value'",
    "off",
    "inf"
   ],
   "tabs":[
    "Main",
    "Signal Attributes",
    "-Other"
   ],
   "tabs_idx":[
    0,
    3,
    7
   ]
  },
  "viewer":{
   "jshandler":"webview/handlers/ElementHandler"
  },
  "obj_viewer":[
  ],
  "finder":{
   "blocktype":"Constant",
   "masktype":""
  }
 },
 {
  "sid":"Mahalanobis:16",
  "className":"Simulink.SubSystem",
  "icon":"WebViewIcon2",
  "name":"Root",
  "label":"Root",
  "parent":"Mahalanobis:18",
  "inspector":{
   "params":[
    "ShowPortLabels",
    "BlockChoice",
    "TemplateBlock",
    "MemberBlocks",
    "Permissions",
    "ErrorFcn",
    "PermitHierarchicalResolution",
    "TreatAsAtomicUnit",
    "MinAlgLoopOccurrences",
    "PropExecContextOutsideSubsystem",
    "SystemSampleTime",
    "RTWSystemCode",
    "RTWFcnNameOpts",
    "RTWFcnName",
    "RTWFileNameOpts",
    "RTWFileName",
    "FunctionInterfaceSpec",
    "FunctionWithSeparateData",
    "RTWMemSecFuncInitTerm",
    "RTWMemSecFuncExecute",
    "RTWMemSecDataConstants",
    "RTWMemSecDataInternal",
    "RTWMemSecDataParameters",
    "IsSubsystemVirtual",
    "Variant",
    "VariantControl",
    "OverrideUsingVariant",
    "GeneratePreprocessorConditionals",
    "PropagateVariantConditions",
    "ActiveVariant",
    "ActiveVariantBlock",
    "TreatAsGroupedWhenPropagatingVariantConditions"
   ],
   "values":[
    "FromPortIcon",
    "",
    "",
    "",
    "ReadWrite",
    "",
    "All",
    "off",
    "off",
    "off",
    "-1",
    "Auto",
    "Auto",
    "",
    "Auto",
    "",
    "void_void",
    "off",
    "Inherit from model",
    "Inherit from model",
    "Inherit from model",
    "Inherit from model",
    "Inherit from model",
    "on",
    "off",
    "",
    "",
    "off",
    "off",
    "",
    "",
    "on"
   ],
   "tabs":[
   ],
   "tabs_idx":[
   ]
  },
  "viewer":{
   "jshandler":"webview/handlers/ElementHandler"
  },
  "obj_viewer":[
  ],
  "finder":{
   "blocktype":"SubSystem",
   "masktype":""
  }
 },
 {
  "sid":"Mahalanobis:19",
  "className":"Simulink.Inport",
  "icon":"WebViewIcon3",
  "name":"X",
  "label":"X",
  "parent":"Mahalanobis:18",
  "inspector":{
   "params":[
    "Port",
    "IconDisplay",
    "OutMin",
    "OutMax",
    "OutDataTypeStr",
    "LockScale",
    "Unit",
    "PortDimensions",
    "VarSizeSig",
    "SampleTime",
    "SignalType",
    "BusOutputAsStruct",
    "InputConnect",
    "Interpolate",
    "LatchByDelayingOutsideSignal",
    "LatchInputForFeedbackSignals",
    "OutputFunctionCall"
   ],
   "values":[
    "1",
    "Port number",
    "[]",
    "[]",
    "Inherit: auto",
    "off",
    "inherit",
    "-1",
    "Inherit",
    "-1",
    "auto",
    "off",
    "",
    "on",
    "off",
    "off",
    "off"
   ],
   "tabs":[
    "Main",
    "Signal Attributes",
    "-Other"
   ],
   "tabs_idx":[
    0,
    2,
    11
   ]
  },
  "viewer":{
   "jshandler":"webview/handlers/ElementHandler"
  },
  "obj_viewer":[
  ],
  "finder":{
   "blocktype":"Inport",
   "masktype":""
  }
 },
 {
  "sid":"Mahalanobis:20",
  "className":"Simulink.Outport",
  "icon":"WebViewIcon3",
  "name":"JX",
  "label":"JX",
  "parent":"Mahalanobis:18",
  "inspector":{
   "params":[
    "Port",
    "IconDisplay",
    "OutMin",
    "OutMax",
    "OutDataTypeStr",
    "LockScale",
    "Unit",
    "PortDimensions",
    "VarSizeSig",
    "SampleTime",
    "SignalType",
    "BusOutputAsStruct",
    "EnsureOutportIsVirtual",
    "InitialOutput",
    "MustResolveToSignalObject",
    "OutputWhenDisabled",
    "SignalName",
    "SignalObject",
    "SourceOfInitialOutputValue",
    "StorageClass"
   ],
   "values":[
    "1",
    "Port number",
    "[]",
    "[]",
    "Inherit: auto",
    "off",
    "inherit",
    "-1",
    "Inherit",
    "-1",
    "auto",
    "off",
    "off",
    "[]",
    "off",
    "held",
    "",
    [
    ],
    "Dialog",
    "Auto"
   ],
   "tabs":[
    "Main",
    "Signal Attributes",
    "-Other"
   ],
   "tabs_idx":[
    0,
    2,
    11
   ]
  },
  "viewer":{
   "jshandler":"webview/handlers/ElementHandler"
  },
  "obj_viewer":[
  ],
  "finder":{
   "blocktype":"Outport",
   "masktype":""
  }
 },
 {
  "sid":"Mahalanobis:21",
  "className":"Simulink.Outport",
  "icon":"WebViewIcon3",
  "name":"Y",
  "label":"Y",
  "parent":"Mahalanobis:18",
  "inspector":{
   "params":[
    "Port",
    "IconDisplay",
    "OutMin",
    "OutMax",
    "OutDataTypeStr",
    "LockScale",
    "Unit",
    "PortDimensions",
    "VarSizeSig",
    "SampleTime",
    "SignalType",
    "BusOutputAsStruct",
    "EnsureOutportIsVirtual",
    "InitialOutput",
    "MustResolveToSignalObject",
    "OutputWhenDisabled",
    "SignalName",
    "SignalObject",
    "SourceOfInitialOutputValue",
    "StorageClass"
   ],
   "values":[
    "2",
    "Port number",
    "[]",
    "[]",
    "Inherit: auto",
    "off",
    "inherit",
    "-1",
    "Inherit",
    "-1",
    "auto",
    "off",
    "off",
    "[]",
    "off",
    "held",
    "",
    [
    ],
    "Dialog",
    "Auto"
   ],
   "tabs":[
    "Main",
    "Signal Attributes",
    "-Other"
   ],
   "tabs_idx":[
    0,
    2,
    11
   ]
  },
  "viewer":{
   "jshandler":"webview/handlers/ElementHandler"
  },
  "obj_viewer":[
  ],
  "finder":{
   "blocktype":"Outport",
   "masktype":""
  }
 },
 {
  "sid":"Mahalanobis:13#out:1",
  "className":"Simulink.Line",
  "icon":"WebViewIcon4",
  "name":"",
  "label":"",
  "parent":"Mahalanobis:18",
  "inspector":{
   "params":[
    "SignalNameFromLabel",
    "MustResolveToSignal",
    "ShowPropagatedSignal",
    "DataLogging",
    "TestPoint",
    "SignalObjectPackage",
    "StorageClass",
    "Description",
    "documentLink"
   ],
   "values":[
    "",
    "off",
    "off",
    "off",
    "off",
    "Simulink",
    "Auto",
    "",
    ""
   ],
   "tabs":[
    "Parameter Attributes",
    "Logging and Accessibility",
    "Code Generation",
    "Documentation"
   ],
   "tabs_idx":[
    0,
    3,
    5,
    7
   ]
  },
  "viewer":{
   "jshandler":"webview/handlers/ElementHandler"
  },
  "obj_viewer":[
  ],
  "finder":[
  ]
 },
 {
  "sid":"Mahalanobis:14#out:1",
  "className":"Simulink.Line",
  "icon":"WebViewIcon4",
  "name":"",
  "label":"",
  "parent":"Mahalanobis:18",
  "inspector":{
   "params":[
    "SignalNameFromLabel",
    "MustResolveToSignal",
    "ShowPropagatedSignal",
    "DataLogging",
    "TestPoint",
    "SignalObjectPackage",
    "StorageClass",
    "Description",
    "documentLink"
   ],
   "values":[
    "",
    "off",
    "off",
    "off",
    "off",
    "Simulink",
    "Auto",
    "",
    ""
   ],
   "tabs":[
    "Parameter Attributes",
    "Logging and Accessibility",
    "Code Generation",
    "Documentation"
   ],
   "tabs_idx":[
    0,
    3,
    5,
    7
   ]
  },
  "viewer":{
   "jshandler":"webview/handlers/ElementHandler"
  },
  "obj_viewer":[
  ],
  "finder":[
  ]
 },
 {
  "sid":"Mahalanobis:19#out:1",
  "className":"Simulink.Line",
  "icon":"WebViewIcon4",
  "name":"",
  "label":"",
  "parent":"Mahalanobis:18",
  "inspector":{
   "params":[
    "SignalNameFromLabel",
    "MustResolveToSignal",
    "ShowPropagatedSignal",
    "DataLogging",
    "TestPoint",
    "SignalObjectPackage",
    "StorageClass",
    "Description",
    "documentLink"
   ],
   "values":[
    "",
    "off",
    "off",
    "off",
    "off",
    "Simulink",
    "Auto",
    "",
    ""
   ],
   "tabs":[
    "Parameter Attributes",
    "Logging and Accessibility",
    "Code Generation",
    "Documentation"
   ],
   "tabs_idx":[
    0,
    3,
    5,
    7
   ]
  },
  "viewer":{
   "jshandler":"webview/handlers/ElementHandler"
  },
  "obj_viewer":[
  ],
  "finder":[
  ]
 },
 {
  "sid":"Mahalanobis:9#out:1",
  "className":"Simulink.Line",
  "icon":"WebViewIcon4",
  "name":"",
  "label":"",
  "parent":"Mahalanobis:18",
  "inspector":{
   "params":[
    "SignalNameFromLabel",
    "MustResolveToSignal",
    "ShowPropagatedSignal",
    "DataLogging",
    "TestPoint",
    "SignalObjectPackage",
    "StorageClass",
    "Description",
    "documentLink"
   ],
   "values":[
    "",
    "off",
    "off",
    "off",
    "off",
    "Simulink",
    "Auto",
    "",
    ""
   ],
   "tabs":[
    "Parameter Attributes",
    "Logging and Accessibility",
    "Code Generation",
    "Documentation"
   ],
   "tabs_idx":[
    0,
    3,
    5,
    7
   ]
  },
  "viewer":{
   "jshandler":"webview/handlers/ElementHandler"
  },
  "obj_viewer":[
  ],
  "finder":[
  ]
 },
 {
  "sid":"Mahalanobis:16#out:1",
  "className":"Simulink.Line",
  "icon":"WebViewIcon4",
  "name":"",
  "label":"",
  "parent":"Mahalanobis:18",
  "inspector":{
   "params":[
    "SignalNameFromLabel",
    "MustResolveToSignal",
    "ShowPropagatedSignal",
    "DataLogging",
    "TestPoint",
    "SignalObjectPackage",
    "StorageClass",
    "Description",
    "documentLink"
   ],
   "values":[
    "",
    "off",
    "off",
    "off",
    "off",
    "Simulink",
    "Auto",
    "",
    ""
   ],
   "tabs":[
    "Parameter Attributes",
    "Logging and Accessibility",
    "Code Generation",
    "Documentation"
   ],
   "tabs_idx":[
    0,
    3,
    5,
    7
   ]
  },
  "viewer":{
   "jshandler":"webview/handlers/ElementHandler"
  },
  "obj_viewer":[
  ],
  "finder":[
  ]
 }
]