{
 "baseUrl":"support/slwebview_files",
 "homeHid":2,
 "initialElement":"",
 "sections":[
  {
   "hid":1,
   "sid":"Mahalanobis",
   "name":"Mahalanobis",
   "fullname":"Mahalanobis",
   "label":"Mahalanobis",
   "parent":0,
   "descendants":[
    2
   ],
   "hierarchyUrl":"support/slwebview_files/Mahalanobis_h_1.json",
   "backingUrl":"support/slwebview_files/Mahalanobis_m.json"
  }
 ],
 "optViews":[
 ],
 "display":{
  "informer":false
 },
 "iconsUrl":"support/slwebview_files/Mahalanobis_18_icons.css"
}